<?xml version="1.0" encoding="UTF-8"?>
<TrackingData>
  <Sensors>
    <Sensor Subtype="FAST" Type="FeatureBasedSensorSource">
      <SensorID>FeatureBasedSensorSource_0</SensorID>
      <Parameters/>
      <SensorCOS>
        <SensorCosID>c91ef5e8142996bae60af2f5b5eb8885</SensorCosID>
        <Parameters>
          <SimilarityThreshold>0.7</SimilarityThreshold>
          <!--	Small scale version of the original image. Note that 
							some image information was extracted and is stored 
							separately in the file specified in below <Map> tag. -->
          <ReferenceImage HeightMM="820" WidthMM="646">c91ef5e8142996bae60af2f5b5eb8885.pgm</ReferenceImage>
          <!--	Reference to a map file that contains precomputed 
							features for the target to be tracked. This ensures 
							smaller TrackingData size and faster SDK 
							initialization. -->
          <Map>c91ef5e8142996bae60af2f5b5eb8885.f2b</Map>
        </Parameters>
      </SensorCOS>
      <SensorCOS>
        <SensorCosID>06cb7928e757f9bc5c5124c71a6fb5c3</SensorCosID>
        <Parameters>
          <SimilarityThreshold>0.6</SimilarityThreshold>
          <!--	Small scale version of the original image. Note that 
							some image information was extracted and is stored 
							separately in the file specified in below <Map> tag. -->
          <ReferenceImage HeightMM="819" WidthMM="563">06cb7928e757f9bc5c5124c71a6fb5c3.pgm</ReferenceImage>
          <!--	Reference to a map file that contains precomputed 
							features for the target to be tracked. This ensures 
							smaller TrackingData size and faster SDK 
							initialization. -->
          <Map>06cb7928e757f9bc5c5124c71a6fb5c3.f2b</Map>
        </Parameters>
      </SensorCOS>
    </Sensor>
  </Sensors>
  <Connections>
    <COS>
      <Name>20130603_162823-1_1</Name>
      <Fuser Type="SmoothingFuser">
        <Parameters>
          <AlphaRotation>0.5</AlphaRotation>
          <AlphaTranslation>0.8</AlphaTranslation>
          <GammaRotation>0.5</GammaRotation>
          <GammaTranslation>0.8</GammaTranslation>
          <KeepPoseForNumberOfFrames>0</KeepPoseForNumberOfFrames>
        </Parameters>
      </Fuser>
      <SensorSource Trigger="1">
        <SensorID>FeatureBasedSensorSource_0</SensorID>
        <SensorCosID>c91ef5e8142996bae60af2f5b5eb8885</SensorCosID>
        <HandEyeCalibration>
          <TranslationOffset>
            <X>0</X>
            <Y>0</Y>
            <Z>0</Z>
          </TranslationOffset>
          <RotationOffset>
            <X>0</X>
            <Y>0</Y>
            <Z>0</Z>
            <W>1</W>
          </RotationOffset>
        </HandEyeCalibration>
        <COSOffset>
          <TranslationOffset>
            <X>0</X>
            <Y>0</Y>
            <Z>0</Z>
          </TranslationOffset>
          <RotationOffset>
            <X>0</X>
            <Y>0</Y>
            <Z>0</Z>
            <W>1</W>
          </RotationOffset>
        </COSOffset>
      </SensorSource>
    </COS>
    <COS>
      <Name>20130603_175220_Universidade Gama Filho_2</Name>
      <Fuser Type="SmoothingFuser">
        <Parameters>
          <AlphaRotation>0.5</AlphaRotation>
          <AlphaTranslation>0.8</AlphaTranslation>
          <GammaRotation>0.5</GammaRotation>
          <GammaTranslation>0.8</GammaTranslation>
          <KeepPoseForNumberOfFrames>0</KeepPoseForNumberOfFrames>
        </Parameters>
      </Fuser>
      <SensorSource Trigger="1">
        <SensorID>FeatureBasedSensorSource_0</SensorID>
        <SensorCosID>06cb7928e757f9bc5c5124c71a6fb5c3</SensorCosID>
        <HandEyeCalibration>
          <TranslationOffset>
            <X>0</X>
            <Y>0</Y>
            <Z>0</Z>
          </TranslationOffset>
          <RotationOffset>
            <X>0</X>
            <Y>0</Y>
            <Z>0</Z>
            <W>1</W>
          </RotationOffset>
        </HandEyeCalibration>
        <COSOffset>
          <TranslationOffset>
            <X>0</X>
            <Y>0</Y>
            <Z>0</Z>
          </TranslationOffset>
          <RotationOffset>
            <X>0</X>
            <Y>0</Y>
            <Z>0</Z>
            <W>1</W>
          </RotationOffset>
        </COSOffset>
      </SensorSource>
    </COS>
  </Connections>
</TrackingData>
